﻿{"cameraMode":{"drawMode":0,"name":"Shaded","section":"Shading Mode"},"sceneLighting":true,"audioPlay":false,"sceneViewState":{"showFog":true,"showMaterialUpdate":true,"showSkybox":true,"showFlares":true,"showImageEffects":true,"showParticleSystems":true},"in2DMode":false,"pivot":{"x":0.3676987886428833,"y":1.9725377559661866,"z":-0.936962366104126},"rotation":{"x":-0.16494618356227876,"y":0.7409144639968872,"z":-0.19694755971431733,"w":-0.6205242276191711},"size":3.008695125579834,"orthographic":false}